Topic,Top words
0,god point christ world view case general part made christian make means nature work speak clear reason answer side true
1,command divine marriage man ethics woman law good question god's obedience human ethical decision people life parents relationship action grace
2,god man jesus human word fact freedom men free act true knowledge divine real grace place form takes spirit light
3,israel election jesus church god elect people rejected christ god's mercy judas divine faith david jews gentiles paul promise king
4,creation god earth history day created man covenant creator divine creature gen light time world god's work relationship heaven israel
5,christ god jesus faith grace judgment note place death sin divine life justification righteousness son world law holy lord rom
6,sin evil nothingness job good yahweh truth knowledge creature people falsehood true wisdom relationship folly misery law pride consciousness death
7,man body soul spirit life creature creation human creator real nature existence created subject anthropology creaturely material reality world perfection
8,god faith knowledge revelation word god's theology religion truth note grace possibility object real question true human experience natural christian
9,life work man command honour service human freedom prayer obedience action day war joy live state responsibility individual respect calling
10,note fact form sense question place lord relation existence good true great sphere things matter respect history called finally character
11,god god's divine note power love knowledge freedom time creature eternity glory world omnipotence creation fact est real lord wisdom
12,time testament death life jesus future end present past hope resurrection revelation event real day beginning history judgment expectation dead
13,church word scripture dogmatics proclamation confession authority bible human holy doctrine faith witness revelation catholic question preaching biblical teaching decision
14,note revelation god christ spirit son father holy word god's jesus testament doctrine est statement reality mystery trinity concept i.e
15,angels heaven son note god earth essence kingdom power heavenly place divine earthly angel jesus spirit human holy testament history
16,christ jesus baptism christian word life world work history light act event reconciliation men faith action spirit place knowledge note
17,love neighbour humanity christian loves thou relationship commandment loved fellow-man woman testament israel christ children eros covenant action yahweh encounter
18,community world christian note christ church men jesus spirit holy christians law witness people work action body human power ministry
19,god creature divine election note doctrine history activity grace christian creaturely covenant predestination providence eternal christ work faith decree decision