num,title
1,the_task_of_dogmatics.txt
2,the_task_of_prolegomena_to_dogmatics.txt
3,church_proclamation_as_the_material_of_dogmatics.txt
4,the_word_of_god_in_its_threefold_form.txt
5,the_nature_of_the_word_of_god.txt
6,the_knowability_of_the_word_of_god.txt
7,the_word_of_god_dogma_and_dogmatics.txt
8,god_in_his_revelation.txt
9,the_triunity_of_god.txt
10,god_the_father.txt
11,god_the_son.txt
12,god_the_holy_spirit.txt
13,god's_freedom_for_man.txt
14,the_time_of_revelation.txt
15,the_mystery_of_revelation.txt
16,the_freedom_of_man_for_god.txt
17,the_revelation_of_god_as_the_abolition_of_religion.txt
18,the_life_of_the_children_of_god.txt
19,the_word_of_god_for_the_church.txt
20,authority_in_the_church.txt
21,freedom_in_the_church.txt
22,the_mission_of_the_church.txt
23,dogmatics_as_a_function_of_the_hearing_church.txt
24,dogmatics_as_a_function_of_the_teaching_church.txt
25,the_fulfilment_of_the_knowledge_of_god.txt
26,the_knowability_of_god.txt
27,the_limits_of_the_knowledge_of_god.txt
28,the_being_of_god_as_the_one_who_loves_in_freedom.txt
29,the_perfections_of_god.txt
30,the_perfections_of_the_divine_loving.txt
31,the_perfections_of_the_divine_freedom.txt
32,the_problem_of_a_correct_doctrine_of_the_election_of_grace.txt
33,the_election_of_jesus_christ.txt
34,the_election_of_the_community.txt
35,the_election_of_the_individual.txt
36,ethics_as_a_task_of_the_doctrine_of_god.txt
37,the_command_as_the_claim_of_god.txt
38,the_command_as_the_decision_of_god.txt
39,the_command_as_the_judgment_of_god.txt
40,faith_in_god_the_creator.txt
41,creation_and_covenant.txt
42,the_yes_of_god_the_creator.txt
43,man_as_a_problem_of_dogmatics.txt
44,man_as_the_creature_of_god.txt
45,man_in_his_determination_as_the_covenant
46,man_as_soul_and_body.txt
47,man_in_his_time.txt
48,the_doctrine_of_providence_its_basis_and_form.txt
49,god_the_father_as_lord_of_his_creature.txt
50,god_and_nothingness.txt
51,the_kingdom_of_heaven_the_ambassadors_of_god_and_their_opponents.txt
52,ethics_as_a_task_of_the_doctrine_of_creation.txt
53,freedom_before_god.txt
54,freedom_in_fellowship.txt
55,freedom_for_life.txt
56,freedom_in_limitation.txt
57,the_work_of_god_the_reconciler.txt
58,the_doctrine_of_reconciliation_(survey).txt
59,the_obedience_of_the_son_of_god.txt
60,the_pride_and_fall_of_man.txt
61,the_justification_of_man.txt
62,the_holy_spirit_and_the_gathering_of_the_christian_community.txt
63,the_holy_spirit_and_christian_faith.txt
64,the_exaltation_of_the_son_of_man.txt
65,the_sloth_and_misery_of_man.txt
66,the_sanctification_of_man.txt
67,the_holy_spirit_and_the_upbuilding_of_the_christian_community.txt
68,the_holy_spirit_and_christian_love.txt
69,the_glory_of_the_mediator.txt
70,the_falsehood_and_condemnation_of_man.txt
71,the_vocation_of_man.txt
72,the_holy_spirit_and_the_sending_of_the_christian_community.txt
73,the_holy_spirit_and_christian_hope.txt
74,the_foundation_of_the_christian_life.txt