num,titles
1,the task of dogmatics
2,the task of prolegomena to dogmatics
3,church proclamation as the material of dogmatics
4,the word of god in its threefold form
5,the nature of the word of god
6,the knowability of the word of god
7,the word of god dogma and dogmatics
8,god in his revelation
9,the triunity of god
10,god the father
11,god the son
12,god the holy spirit
13,god's freedom for man
14,the time of revelation
15,the mystery of revelation
16,the freedom of man for god
17,the revelation of god as the abolition of religion
18,the life of the children of god
19,the word of god for the church
20,authority in the church
21,freedom in the church
22,the mission of the church
23,dogmatics as a function of the hearing church
24,dogmatics as a function of the teaching church
25,the fulfilment of the knowledge of god
26,the knowability of god
27,the limits of the knowledge of god
28,the being of god as the one who loves in freedom
29,the perfections of god
30,the perfections of the divine loving
31,the perfections of the divine freedom
32,the problem of a correct doctrine of the election of grace
33,the election of jesus christ
34,the election of the community
35,the election of the individual
36,ethics as a task of the doctrine of god
37,the command as the claim of god
38,the command as the decision of god
39,the command as the judgment of god
40,faith in god the creator
41,creation and covenant
42,the yes of god the creator
43,man as a problem of dogmatics
44,man as the creature of god
45,man in his determination as the covenant
46,man as soul and body
47,man in his time
48,the doctrine of providence its basis and form
49,god the father as lord of his creature
50,god and nothingness
51,the kingdom of heaven the ambassadors of god and their opponents
52,ethics as a task of the doctrine of creation
53,freedom before god
54,freedom in fellowship
55,freedom for life
56,freedom in limitation
57,the work of god the reconciler
58,the doctrine of reconciliation (survey)
59,the obedience of the son of god
60,the pride and fall of man
61,the justification of man
62,the holy spirit and the gathering of the christian community
63,the holy spirit and christian faith
64,the exaltation of the son of man
65,the sloth and misery of man
66,the sanctification of man
67,the holy spirit and the upbuilding of the christian community
68,the holy spirit and christian love
69,the glory of the mediator
70,the falsehood and condemnation of man
71,the vocation of man
72,the holy spirit and the sending of the christian community
73,the holy spirit and christian hope
74,the foundation of the christian life